uid,street,city,state,zipcode,firstname,lastname
ha1977-b719-530ab-93g393300,8740 Brookside Street,North Royalton,OH,44133,Lucinda,Coelho
ha2036-f515-565he-59a243232,7721 Yukon St.,Sevierville,TN,37876,Rufina,Parman
ha2101-d956-269ca-63b926467,88 Rock Maple Drive,Far Rockaway,NY,11691,Serena,Goudeau
ha2101-d956-269ca-63b926467,9463 Third Street,Crofton,MD,21114,Serena,Goudeau
ha2199-a959-952ad-26g333341,7499 Williams Ave.,Hazleton,PA,18201,Anastasia,Cardon
ha2199-a959-952ad-26g333341,932 Smoky Hollow Drive,Floral Park,NY,11001,Anastasia,Cardon
ha2873-e688-839cd-14g563243,851 Sleepy Hollow Road,Jacksonville,NC,28540,Rigoberto,Khouri
ha2873-e688-839cd-14g563243,76 Devon Street,Parsippany,NJ,07054,Rigoberto,Khouri
ha2873-e688-839cd-14g563243,45 Yukon Court,Eastpointe,MI,48021,Rigoberto,Khouri
ha2931-e775-529aa-67d601595,8 Young Dr.,Chippewa Falls,WI,54729,Lamar,Pieper
ha2957-c242-974eb-53g286513,8732 Andover Dr.,Horn Lake,MS,38637,Rosetta,Styons
ha3247-f988-762cd-77f448066,9467A Glendale St.,Halethorpe,MD,21227,Fern,Keffer
ha3247-f988-762cd-77f448066,76 Nut Swamp Ave.,Elyria,OH,44035,Fern,Keffer
ha3563-e798-359ed-17a549663,691 Kent Rd.,Brighton,MA,02135,Alexia,Gassert
ha3831-b665-605dg-01c376189,7626 Trout Rd.,Huntington Station,NY,11746,Arie,Saylor
ha4802-b579-836ea-76b539540,8323 Brook St.,Ravenna,OH,44266,Suanne,Califano
ha5004-f569-895hg-21f703133,341 Summer Dr.,Dedham,MA,02026,Laurice,Branner
ha5067-d865-395ag-45g582055,78 Hilldale Ave.,Brooklyn,NY,11201,Christen,Isler
ha5115-e761-421dd-85a600972,9577 N. Greystone Lane,Livingston,NJ,07039,Kaleigh,Mcbean
ha5123-g117-483fd-48a585028,9312 Surrey St.,Cambridge,MA,02138,Arminda,Hesson
ha5148-h646-449fd-36e809126,195 Blackburn Ave.,Cincinnati,OH,45211,Gwenn,Parfait
ha5939-d552-990ab-14a931985,33 N. High Ridge Ave.,New Bern,NC,28560,Pierre,Dossantos
ha5939-d552-990ab-14a931985,278 S. Lantern St.,Oviedo,FL,32765,Pierre,Dossantos
ha6145-b065-935fd-92d092284,15 Lees Creek Dr.,Raeford,NC,28376,Roselle,Stringham
ha6165-c572-310bg-24e831909,838 NW. Summit Road,Yuma,AZ,85365,Rudolph,Streich
ha6329-e152-574ab-79b577300,874 Lafayette Dr.,Owings Mills,MD,21117,Horacio,Mineau
ha6329-e152-574ab-79b577300,861 East Dr.,Henrico,VA,23228,Horacio,Mineau
ha6362-g412-226fe-43g846211,963 Marlborough Street,Flint,MI,48504,Domenica,Stpierre
ha6382-a454-751gc-65e647674,8656 Old York Road,Norwich,CT,06360,Isabelle,Verdugo
ha6382-a454-751gc-65e647674,8280 Durham Avenue,Paterson,NJ,07501,Isabelle,Verdugo
ha6491-f612-109cf-71b094815,9537 Willow St.,Daphne,AL,36526,Grazyna,Huffer
ha6528-a345-136dd-06f785931,434 Anderson Avenue,Aliquippa,PA,15001,Alvin,Schartz
ha6732-c209-037bc-33a847476,454 Cherry Lane,Streamwood,IL,60107,Coral,Lammert
ha6896-f414-155ae-08e413357,446 Bayberry St.,Wasilla,AK,99654,Bradly,Mcaleer
ha6896-f414-155ae-08e413357,864 Meadow Court,Far Rockaway,NY,11691,Bradly,Mcaleer
ha6959-f784-128hd-16e215730,7958 1st St.,Hilliard,OH,43026,Miyoko,Mullens
ha7037-d323-536hg-83d399231,32 Cypress Drive,Hillsboro,OR,97124,Wilma,Lu
ha7037-d323-536hg-83d399231,212 Randall Mill Street,Woodstock,GA,30188,Wilma,Lu
ha7724-g936-575hd-83g857303,403 3rd St.,Pelham,AL,35124,Blaine,Bilderback
ha7724-g936-575hd-83g857303,744 Chapel St.,Wadsworth,OH,44281,Blaine,Bilderback
ha7724-g936-575hd-83g857303,13 Walnutwood Street,Centreville,VA,20120,Blaine,Bilderback
ha7936-c534-955af-49h731996,231 Fordham Court,Saint Paul,MN,55104,Kaylene,Gabaldon
ha8066-d257-825fc-42g867789,9562 Riverside Dr.,Manchester,NH,03102,Jame,France
ha8149-f667-652fh-70d138170,86 E. Campfire St.,Ankeny,IA,50023,Rafaela,Perez
ha8152-a220-031fg-93d701119,31 Newbridge Lane,Neptune,NJ,07753,Desmond,Metoyer
ha8152-a220-031fg-93d701119,7953 Carson Court,Hummelstown,PA,17036,Desmond,Metoyer
ha8371-a919-577ea-71a825978,709 Forest Street,Tucson,AZ,85718,Lance,Vannoy
ha8435-a296-823dh-59c738224,9 Birch Hill Street,Terre Haute,IN,47802,Sharron,Imai
ha8505-d346-431ba-16b013931,63 E. Bishop Street,Titusville,FL,32780,Cher,Blanche
ha8505-d346-431ba-16b013931,49 Lancaster St.,Ashtabula,OH,44004,Cher,Blanche
ha8544-a442-479cf-40c083794,159 Rockwell Ave.,Colorado Springs,CO,80911,Evangelina,Massi
ha8544-a442-479cf-40c083794,248 King Avenue,Vineland,NJ,08360,Evangelina,Massi
ha8595-g028-437ca-58e846458,8326 Sierra St.,Hummelstown,PA,17036,Alphonse,Culler
ha8729-a911-181dg-03c855891,8621 Pleasant Drive,Chevy Chase,MD,20815,Nila,Malveaux
ha9057-g152-359eb-56d680553,289 Buttonwood Dr.,Petersburg,VA,23803,Margaretta,Groseclose
ha9057-g152-359eb-56d680553,66 NE. Kingston St.,Mcallen,TX,78501,Margaretta,Groseclose
ha9526-c049-392ha-92b045112,159 College Drive,Mesa,AZ,85203,Deonna,Roark
ha9606-a126-414eh-50h517048,857 Wrangler St.,Clinton,MD,20735,Cleta,Moulton
ha9606-a126-414eh-50h517048,281 Catherine St.,State College,PA,16801,Cleta,Moulton
hb0016-c321-778dg-56d933152,77 Randall Mill St.,Londonderry,NH,03053,Shakita,Humphries
hb0269-c976-666bc-58f954742,8473 Lower River Rd.,Pittsburgh,PA,15206,Sam,Derksen
hb0476-g289-662be-36c062120,349 East Ave.,Roy,UT,84067,Sharleen,Villarreal
hb0619-a892-586he-74f078126,50 Summerhouse Ave.,Kearny,NJ,07032,Karey,Boye
hb0619-a892-586he-74f078126,896 Rock Creek Street,Rockville,MD,20850,Karey,Boye
hb0785-d875-351ca-36h521079,177 Woodland Drive,Jamestown,NY,14701,Jonell,Fickel
hb0785-d875-351ca-36h521079,723 North Annadale Street,Shirley,NY,11967,Jonell,Fickel
hb1000-d694-637cc-08f067745,8209 Marconi St.,Frederick,MD,21701,Markus,Domenico
hb1005-c484-772db-08a502652,551 Ryan Ave.,Reisterstown,MD,21136,Billye,Cephas
hb1005-c484-772db-08a502652,9255 Lexington Ave.,New Brunswick,NJ,08901,Billye,Cephas
hb1005-c484-772db-08a502652,34 Hawthorne Street,Norfolk,VA,23503,Billye,Cephas
hb1005-c484-772db-08a502652,474 East Mulberry Road,Ankeny,IA,50023,Billye,Cephas
hb1109-e447-165da-15c296915,7264 East Bayport Dr.,Middle Village,NY,11379,Reatha,Storey
hb1109-e447-165da-15c296915,9227 Buckingham Rd.,Ooltewah,TN,37363,Reatha,Storey
hb1109-e447-165da-15c296915,101 Vermont Dr.,Middleburg,FL,32068,Reatha,Storey
hb1583-d989-227dc-03g530223,522 Blackburn Lane,Annandale,VA,22003,Lashon,Shumake
hb1664-c514-009bf-52c350990,20 Carson Avenue,Riverdale,GA,30274,Alyssa,Fant
hb2285-f888-303ea-43a129356,63 John Drive,Centereach,NY,11720,Layne,Stretch
hb2285-f888-303ea-43a129356,29 Rose Street,Amsterdam,NY,12010,Layne,Stretch
hb2551-a576-685cb-19b137163,7992 University Street,Gloucester,MA,01930,Anton,Duprey
hb2551-a576-685cb-19b137163,7621 Buckingham Lane,New Port Richey,FL,34653,Anton,Duprey
hb2693-d592-573ea-32a169174,213 West Euclid Street,Doylestown,PA,18901,Ozell,Sane
hb2693-d592-573ea-32a169174,720 Theatre Lane,San Diego,CA,92111,Ozell,Sane
hb2693-d592-573ea-32a169174,8154 Bridle Ave.,Panama City,FL,32404,Ozell,Sane
hb2737-d058-256ba-04d914515,19 Park St.,Wellington,FL,33414,Gwenda,Stanberry
hb2737-d058-256ba-04d914515,8503 Beacon Court,Winston Salem,NC,27103,Gwenda,Stanberry
hb2987-f401-304dc-14b068089,9688 E. 8th Avenue,Greensburg,PA,15601,Zetta,Delgado
hb2987-f401-304dc-14b068089,9717 East Ryan Rd.,Perkasie,PA,18944,Zetta,Delgado
hb3036-d315-878fa-08f942740,818 Cedarwood Street,Centereach,NY,11720,Wei,Belanger
hb3254-d929-664cf-84h053770,42 Cedarwood Ave.,East Northport,NY,11731,Leandra,Honda
hb3254-d929-664cf-84h053770,657 Pennington Road,Green Bay,WI,54302,Leandra,Honda
hb3254-d929-664cf-84h053770,595 Catherine Drive,Saratoga Springs,NY,12866,Leandra,Honda
hb3254-d929-664cf-84h053770,678 Lower River Court,Portsmouth,VA,23703,Leandra,Honda
hb3279-e469-549ef-69a701282,7647 Peachtree Street,Willingboro,NJ,08046,Flossie,Neaves
hb3822-h873-366bb-50g434669,312 San Carlos Court,Ottumwa,IA,52501,Carroll,Saunder
hb4044-h206-095fd-98e843407,9789C Talbot Ave.,Teaneck,NJ,07666,Isadora,Eller
hb4044-h206-095fd-98e843407,88 Rockledge Dr.,Oak Ridge,TN,37830,Isadora,Eller
hb4629-d382-176ec-45e459432,7405 W. Marconi Court,Starkville,MS,39759,Adriene,Bright
hb5226-g346-516cf-50f337740,6 Littleton St.,Norman,OK,73072,Elouise,Veilleux
hb5270-h270-339aa-16e921998,370 Belmont Ave.,Portsmouth,VA,23703,Jeannie,Hurtado
hb5732-h470-396eb-29f520432,7352 Logan Lane,Moorhead,MN,56560,Melania,Mcninch
hb5826-d435-162bf-10b438147,91 Lake Forest St.,Maineville,OH,45039,Marline,Defoor
hb5826-d435-162bf-10b438147,8404 South Courtland Drive,Clemmons,NC,27012,Marline,Defoor
hb5826-d435-162bf-10b438147,90 W. Division Drive,Haines City,FL,33844,Marline,Defoor
hb5826-d435-162bf-10b438147,181 Central Drive,Grand Rapids,MI,49503,Marline,Defoor
hb5906-h873-846ea-65d370982,947 N. Homewood Rd.,Manchester Township,NJ,08759,Sharleen,Villarreal
hb5953-d302-340aa-98a886294,12 Miller Dr.,Bellmore,NY,11710,Karine,Krejci
hb5953-d302-340aa-98a886294,702 South Shadow Brook Street,Goshen,IN,46526,Karine,Krejci
hb5953-d302-340aa-98a886294,29 Manhattan St.,Cranford,NJ,07016,Karine,Krejci
hb5953-d302-340aa-98a886294,31 Leatherwood Street,Orlando,FL,32806,Karine,Krejci
hb6795-d180-400fg-02d048331,8 West Drive,Saratoga Springs,NY,12866,Jordan,Evett
hb7310-c488-486af-53a615838,680 Hickory St.,Hillsborough,NJ,08844,Leanne,Allis
hb7424-e365-401bg-68e100204,7367 North Monroe Avenue,Cape Coral,FL,33904,Carmella,Kirkendoll
hb8227-a710-783aa-40e372978,494 Beechwood Lane,Orlando,FL,32806,Santina,Mass
hb8519-e652-165fe-70a952027,4 Silver Spear Dr.,Soddy Daisy,TN,37379,Emeline,Nee
hb8519-e652-165fe-70a952027,8262 Swanson Drive,Hermitage,TN,37076,Emeline,Nee
hb8582-d424-424bd-85c003154,54 County Avenue,Marlton,NJ,08053,Spring,Brackett
hb8909-e906-233ed-18g201506,84 Hanover St.,Reynoldsburg,OH,43068,Francesca,Melvin
hb8909-e906-233ed-18g201506,9724 Elizabeth Ave.,Glendale Heights,IL,60139,Francesca,Melvin
hb9097-c557-840ea-67c224823,34 High Ridge Street,Waxhaw,NC,28173,Hermelinda,Willman
hb9097-c557-840ea-67c224823,364 Bayport St.,Hermitage,TN,37076,Hermelinda,Willman
hb9309-c965-770gh-56f375580,606 Mill Pond Ave.,Frederick,MD,21701,Creola,Nutt
hb9422-a852-776bd-59f824959,744 Amerige St.,Wheeling,WV,26003,Carissa,Siu
hb9489-c274-557ec-56c529074,9061 Arnold Drive,Winona,MN,55987,Ernestine,Puryear
hb9489-c274-557ec-56c529074,81 Oak Valley Drive,Boca Raton,FL,33428,Ernestine,Puryear
hb9489-c274-557ec-56c529074,8349 Del Monte St.,Helotes,TX,78023,Ernestine,Puryear
hb9670-a712-318gh-35e634546,9383 River Dr.,Salisbury,MD,21801,Danelle,Dice
hb9670-a712-318gh-35e634546,8028 Tanglewood Lane,Baldwin,NY,11510,Danelle,Dice
hb9699-a912-179ab-37e179884,46 Sugar Drive,Hobart,IN,46342,Lance,Vannoy
hb9899-b452-671fb-59e935642,34 Manchester Dr.,Merrick,NY,11566,Lacie,Porath
hb9899-b452-671fb-59e935642,2 South Evergreen Rd.,Jonesborough,TN,37659,Lacie,Porath
hc0536-b632-938de-48b988869,552 Harrison St.,Macon,GA,31204,Kathie,Mackin
hc1103-f355-945ac-89h333141,141 South 2nd Dr.,Sarasota,FL,34231,Queen,Wegener
hc1142-e725-364hg-19a728511,260 Cypress Road,Savage,MN,55378,Veda,Danielsen
hc2079-e653-985ah-08a612573,3 High Point Court,Virginia Beach,VA,23451,Beryl,Darlington
hc2945-e590-702fe-09e075377,80 Saxton St.,Colorado Springs,CO,80911,Roger,Peralta
hc3155-f707-932gc-00g595446,300 Virginia St.,Vincentown,NJ,08088,Lashawna,Recalde
hc3244-a854-176hd-57h977911,264 George St.,Holland,MI,49423,Laurice,Branner
hc3293-h367-093fe-69c961816,12 W. Fremont Dr.,King Of Prussia,PA,19406,Curt,Rossell
hc3293-h367-093fe-69c961816,41 North Gulf St.,Christiansburg,VA,24073,Curt,Rossell
hc3808-b229-336fe-08b942389,717 Westminster Street,Palm Bay,FL,32907,Arianne,Mckain
hc3808-b229-336fe-08b942389,712 East Dr.,New Albany,IN,47150,Arianne,Mckain
hc4259-g550-008be-09h083371,8498 Wakehurst St.,Saint Johns,FL,32259,Sharilyn,Farrand
hc4259-g550-008be-09h083371,66 South Atlantic Street,Baltimore,MD,21206,Sharilyn,Farrand
hc4279-c053-131bh-65c740160,7978 West Manhattan Rd.,Tonawanda,NY,14150,Leila,Trombetta
hc4279-c053-131bh-65c740160,505 Halifax St.,Loganville,GA,30052,Leila,Trombetta
hc5588-h145-878ad-19c552538,4 Lower River St.,Goshen,IN,46526,Norman,Koziol
hc5588-h145-878ad-19c552538,959 Bayberry Drive,Oak Ridge,TN,37830,Norman,Koziol
hc5619-f851-523gh-11d132398,574 Golden Star St.,Monroe,NY,10950,Lyla,Weigel
hc5620-g482-243gc-73f203181,318 Wellington St.,Lansdowne,PA,19050,Arianne,Ryer
hc5620-g482-243gc-73f203181,639 West Adams St.,Easton,PA,18042,Arianne,Ryer
hc5955-b561-201hd-65d143708,993 Primrose Ave.,Bismarck,ND,58501,Bridget,Castillo
hc6036-h979-323dd-44h433501,342 Pine Drive,Manitowoc,WI,54220,Alanna,Hollon
hc6247-f824-719bc-17c767004,441 Fulton St.,Riverdale,GA,30274,Illa,Wadlow
hc6386-c122-853ee-94c237894,5 Applegate St.,Ponte Vedra Beach,FL,32082,Sha,Saine
hc6386-c122-853ee-94c237894,52 Philmont Ave.,Westfield,MA,01085,Sha,Saine
hc6386-c122-853ee-94c237894,24 Temple Dr.,Ashland,OH,44805,Sha,Saine
hc6711-d849-183bh-64b328987,9857 Victoria Ave.,Old Bridge,NJ,08857,Vern,Roa
hc7081-f248-212hc-35h079579,8888 Temple Lane,Langhorne,PA,19047,Lyn,Huck
hc7427-a120-329dg-20f645988,9496 South Riverside Drive,Morton Grove,IL,60053,Jaimie,Beaudin
hc7427-a120-329dg-20f645988,7422 Lees Creek Drive,Olympia,WA,98512,Jaimie,Beaudin
hc8360-a443-229af-82g031756,649 Walnut Drive,Delaware,OH,43015,Tresa,Carbajal
hc8427-a462-564ea-44f850131,9973 Addison St.,Waterbury,CT,06705,Kelley,Boddie
hc8427-a462-564ea-44f850131,7411 Cross Court,Nampa,ID,83651,Kelley,Boddie
hc8894-g568-660ga-87c126553,8675 W. Gregory Lane,Glenside,PA,19038,Joleen,Kerry
hc8894-g568-660ga-87c126553,16 Magnolia Lane,New Brunswick,NJ,08901,Joleen,Kerry
hc8908-b944-574bg-30a150083,49 Lake Forest Lane,Superior,WI,54880,Ron,Donathan
hc9233-b147-685dh-36f768461,7305 S. Forest Ave.,Enfield,CT,06082,Azucena,Wambach
hc9233-b147-685dh-36f768461,113 Edgewater Street,Hudsonville,MI,49426,Azucena,Wambach
hc9356-b790-022cf-87a694116,9 Kirkland Dr.,Indiana,PA,15701,Misha,Bremer
hc9356-b790-022cf-87a694116,14 N. Queen Street,Emporia,KS,66801,Misha,Bremer
hc9356-b790-022cf-87a694116,8382 Cardinal St.,Clarkston,MI,48348,Misha,Bremer
hc9356-b790-022cf-87a694116,45 College St.,Levittown,NY,11756,Misha,Bremer
hc9356-b790-022cf-87a694116,8207 Wild Horse Street,Manchester Township,NJ,08759,Misha,Bremer
hc9385-h313-854ed-20e713540,883 Marshall St.,Mooresville,NC,28115,Belkis,Scola
hc9518-b829-573be-33f481170,951 Santa Clara Street,Bedford,OH,44146,Harry,Bracamonte
hd0396-a193-165bc-14b924937,49 Crescent St.,Thibodaux,LA,70301,Lacey,Matus
hd0396-a193-165bc-14b924937,75 Walnut Drive,Galloway,OH,43119,Lacey,Matus
hd0396-a193-165bc-14b924937,7059 Hill St.,Dacula,GA,30019,Lacey,Matus
hd0537-h914-533dd-16c364928,324 Depot Street,Burnsville,MN,55337,Violeta,Lewis
hd0851-a638-219af-63e642877,7720 John Drive,Bardstown,KY,40004,Jed,Wardle
hd0851-a638-219af-63e642877,8074 Pennington Ave.,Glenside,PA,19038,Jed,Wardle
hd0851-a638-219af-63e642877,5 Argyle Rd.,Concord,NH,03301,Jed,Wardle
hd1138-d233-283eh-46f732945,634 Manor Station St.,Stroudsburg,PA,18360,Dianne,Sipe
hd1138-d233-283eh-46f732945,7512 Sage Lane,Greensburg,PA,15601,Dianne,Sipe
hd1192-f116-951de-08e100955,788 Brickyard Drive,Reston,VA,20191,Renay,Janusz
hd1553-h176-654ae-71e190698,682 West Hartford Road,Somerset,NJ,08873,Danille,Moskowitz
hd1553-h176-654ae-71e190698,644 S. Trusel Avenue,Muncie,IN,47302,Danille,Moskowitz
hd1741-f052-043bg-70h925078,66 Alton Ave.,Utica,NY,13501,Arron,Burleson
hd1741-f052-043bg-70h925078,88 Beacon Ave.,Minot,ND,58701,Arron,Burleson
hd1741-f052-043bg-70h925078,9324 Brookside St.,Council Bluffs,IA,51501,Arron,Burleson
hd1930-f898-274ga-30b496725,455 Manhattan St.,Orchard Park,NY,14127,Mauro,Dirksen
hd2060-a128-506gh-91b626629,34 Inverness Road,Dayton,OH,45420,Hannelore,Hullett
hd2060-a128-506gh-91b626629,56 Paris Hill St.,Egg Harbor Township,NJ,08234,Hannelore,Hullett
hd2218-f148-433ef-21a708412,29 Main Lane,Crawfordsville,IN,47933,Marielle,Gent
hd2250-b862-783ag-69e617722,370 Plymouth Ave.,Duluth,GA,30096,Manda,Toothman
hd2458-a891-653ch-87e373307,9839 Railroad Lane,Jeffersonville,IN,47130,Kathey,Marcella
hd2714-f115-688fe-07g302036,968 Illinois St.,Victoria,TX,77904,Ethelene,Chausse
hd2714-f115-688fe-07g302036,8143 East Rockwell Street,Howell,NJ,07731,Ethelene,Chausse
hd2714-f115-688fe-07g302036,3 Meadow Court,Neenah,WI,54956,Ethelene,Chausse
hd2714-f115-688fe-07g302036,9749 Rockland Court,Anderson,SC,29621,Ethelene,Chausse
hd2919-b376-938df-80d748500,7851 West Livingston Dr.,Fort Lee,NJ,07024,Denita,Quattlebaum
hd2919-b376-938df-80d748500,9411 Bow Ridge Street,North Kingstown,RI,02852,Denita,Quattlebaum
hd2919-b376-938df-80d748500,918 College Avenue,Gibsonia,PA,15044,Denita,Quattlebaum
hd2919-b376-938df-80d748500,14 Del Monte Lane,Willingboro,NJ,08046,Denita,Quattlebaum
hd3110-c545-019fg-61g885588,208 Kingston Court,East Lansing,MI,48823,Sabina,Andress
hd3110-c545-019fg-61g885588,488 Bowman St.,Pomona,CA,91768,Sabina,Andress
hd3110-h755-817ce-90b791480,11 Johnson Avenue,Neptune,NJ,07753,Michiko,Lamey
hd3143-h340-727eh-73b046118,9832 Second Street,Conway,SC,29526,Bruna,Ledford
hd3279-a923-649ef-92h311304,9550 Thompson Lane,Ithaca,NY,14850,Nickie,Reichert
hd3365-b295-546hf-68a395888,10 Henry Avenue,Conway,SC,29526,Reiko,Learned
hd3596-f731-263bg-72b220290,6 Brook St.,Vernon Rockville,CT,06066,Theressa,Procopio
hd4002-f605-933cf-40h599527,843 Wilson Dr.,Peachtree City,GA,30269,Erna,Garvin
hd4002-f605-933cf-40h599527,6 East Elmwood Ave.,Doylestown,PA,18901,Erna,Garvin
hd4131-h158-799ec-27g339584,8595 North Depot Rd.,Gloucester,MA,01930,Kristyn,Flory
hd4143-b814-084dd-95h832585,28 Bedford St.,Coventry,RI,02816,Elsa,Yedinak
hd4143-b814-084dd-95h832585,297 East Big Rock Cove St.,Daphne,AL,36526,Elsa,Yedinak
hd4459-b586-534bd-41g031991,35 Oak Street,Williamstown,NJ,08094,Nicky,Geisel
hd4650-c729-963dd-41d918633,54 Ocean Dr.,Grand Haven,MI,49417,Violeta,Lewis
hd5038-c264-885fd-26g341712,894 Wakehurst St.,Jupiter,FL,33458,Monroe,Giancola
hd5077-a269-199gg-35a650149,19 Berkshire Ave.,Gulfport,MS,39503,Russell,Rohe
hd5077-a269-199gg-35a650149,268 Vermont St.,Willoughby,OH,44094,Russell,Rohe
hd5077-a269-199gg-35a650149,280 Green Lake Road,Carol Stream,IL,60188,Russell,Rohe
hd5608-h384-261fa-05c765008,32 North Depot Lane,Belmont,MA,02478,Domenica,Stpierre
hd5661-f025-028bb-22b575807,6 East Harvard Drive,Thornton,CO,80241,Maryln,Hilchey
hd6321-b695-416hg-31g772912,422 Ann St.,Olympia,WA,98512,Alpha,Neiss
hd6367-f103-905hh-43d358272,73 Alderwood Dr.,Southampton,PA,18966,Soraya,Mcgrane
hd7154-g943-259de-94b902439,496 Holly Street,Morton Grove,IL,60053,Loraine,Paschal
hd7374-c702-093cd-82b880061,276 Anderson Ave.,Temple Hills,MD,20748,Ron,Donathan
hd7751-c240-479hg-41a492813,41 West Prairie Avenue,Ashtabula,OH,44004,Melania,Garrison
hd7751-c240-479hg-41a492813,8780 S. Race St.,Cincinnati,OH,45211,Melania,Garrison
hd8929-e669-739aa-87g811167,63 Depot St.,Goodlettsville,TN,37072,Keira,Nees
hd8929-e669-739aa-87g811167,7363 Longbranch Lane,Brighton,MA,02135,Keira,Nees
hd9356-g697-989eb-70d397865,201 Trusel Ave.,Crofton,MD,21114,Ruby,Nutt
hd9356-g697-989eb-70d397865,9086 Ramblewood St.,Lockport,NY,14094,Ruby,Nutt
hd9687-d068-268ch-60a418833,8001 Sage Road,Rockaway,NJ,07866,Amalia,Hewes
he0055-e251-550ec-71a532090,391 West Gonzales Dr.,Cranford,NJ,07016,Terina,Wilhelm
he0055-e251-550ec-71a532090,9272 Mill Lane,Euless,TX,76039,Terina,Wilhelm
he0055-e251-550ec-71a532090,354 James St.,Columbus,GA,31904,Terina,Wilhelm
he0055-e251-550ec-71a532090,396 Race St.,Jonesboro,GA,30236,Terina,Wilhelm
he0333-e089-026hb-30a109033,851 Goldfield Lane,Basking Ridge,NJ,07920,Genaro,Sailor
he0333-e089-026hb-30a109033,732 Wild Rose St.,Hattiesburg,MS,39401,Genaro,Sailor
he0472-g676-893bg-13a524300,352 Fairway Court,Banning,CA,92220,Cheyenne,Stermer
he0472-g676-893bg-13a524300,22 Rockledge Lane,Peachtree City,GA,30269,Cheyenne,Stermer
he0618-e553-463bh-68d960696,9045 W. Cooper Drive,Bristow,VA,20136,Claudine,Trevarthen
he0618-e553-463bh-68d960696,6 West Glenwood Drive,Englishtown,NJ,07726,Claudine,Trevarthen
he0618-e553-463bh-68d960696,105 Marshall St.,Maplewood,NJ,07040,Claudine,Trevarthen
he1117-d019-313ae-38b103138,336 Depot Lane,Lawndale,CA,90260,Lucretia,Bravo
he1117-d019-313ae-38b103138,7279 Rockledge Street,Dearborn,MI,48124,Lucretia,Bravo
he1405-b992-967bg-26g132847,8889 S. Overlook Dr.,Hagerstown,MD,21740,Leandra,Zinke
he1591-h715-516bf-83c366119,306 Sheffield Court Suite 4,Riverside,NJ,08075,Fredric,Dinan
he1738-d478-941gg-80f422057,149 Foster St.,Moncks Corner,SC,29461,Jamila,Utter
he1866-d921-906ae-08e024157,7630 Brookside Court,Jersey City,NJ,07302,Carlton,Turrell
he1876-f126-097dd-70e135602,4 Applegate Lane,Waynesboro,PA,17268,Tana,Stinnett
he1876-f126-097dd-70e135602,9127 Catherine Dr.,Encino,CA,91316,Tana,Stinnett
he1929-g547-716de-81g423738,773 Highland St.,Chandler,AZ,85224,Jacelyn,Bobby
he2689-g430-932hg-16e278129,534 Third St.,Harrison Township,MI,48045,Aide,Deleo
he3026-f789-056eg-86a908395,71 West Sherman St.,Harleysville,PA,19438,Jone,Lubbers
he3026-f789-056eg-86a908395,155 Golden Star Lane,Chicago,IL,60621,Jone,Lubbers
he3026-f789-056eg-86a908395,264 Oakland St.,Fargo,ND,58102,Jone,Lubbers
he3062-b015-580ah-66h296370,68 E. Essex St.,Bloomington,IN,47401,Antonietta,Malinowski
he3062-b015-580ah-66h296370,215 Woodland St.,North Canton,OH,44720,Antonietta,Malinowski
he3748-g837-306hd-68b106864,816 Carson Dr.,Littleton,CO,80123,Fannie,Gies
he4057-d623-188cg-91g180442,52 Wayne Ave.,Strongsville,OH,44136,Juliane,Guy
he4222-c319-267bd-81g227616,9 Mulberry St.,Stafford,VA,22554,Brooke,Wickert
he4222-c319-267bd-81g227616,618 Selby Dr.,Toledo,OH,43612,Brooke,Wickert
he4297-b892-129hb-38e990150,325 Pumpkin Hill Dr.,Elkhart,IN,46514,Antonina,Mcneeley
he4297-b892-129hb-38e990150,46 Schoolhouse Ave.,Elizabethtown,PA,17022,Antonina,Mcneeley
he4297-b892-129hb-38e990150,994 Smoky Hollow St.,Melbourne,FL,32904,Antonina,Mcneeley
he4401-c091-102ga-26a145873,76 Campfire Drive,Cranberry Twp,PA,16066,Phyliss,Fritzler
he4401-c091-102ga-26a145873,530 Devonshire St.,Lady Lake,FL,32159,Phyliss,Fritzler
he4401-c091-102ga-26a145873,9714 Fieldstone Ave.,Havertown,PA,19083,Phyliss,Fritzler
he5050-h573-344fe-51b743411,543 Valley Farms Rd.,Hazleton,PA,18201,Man,Santoyo
he5050-h573-344fe-51b743411,89 Leeton Ridge Street,Joliet,IL,60435,Man,Santoyo
he5918-a390-693hc-68a809358,7675 Shore St.,Rolla,MO,65401,Shanell,Arvizo
he5918-a390-693hc-68a809358,8882 Lakeview Ave.,Lorain,OH,44052,Shanell,Arvizo
he6445-e380-599ag-46g757310,271 Smith Store St.,Lansdowne,PA,19050,Lavada,Snodgrass
he6524-b333-806dg-37a393713,8115 Newport St.,Jackson Heights,NY,11372,Alexandria,Pasquale
he7332-c568-158gf-64g518232,9467 Pheasant Rd.,Belmont,MA,02478,Kiyoko,Muldrow
he7380-h464-394ag-45f510892,6 Shore St.,Franklin,MA,02038,Gladis,Bui
he7772-e559-533eh-87e651752,62 Canal Ave.,Ogden,UT,84404,Nicolasa,Nish
he8230-a391-621cb-67f416416,9067 Summit Avenue,Greenfield,IN,46140,Rosena,Lykes
he8782-f914-082gd-01f275943,85 Third Rd.,Hopkinsville,KY,42240,Lashawnda,Macias
he9340-h497-581cc-18f103175,357 Green Hill Road,Thomasville,NC,27360,Adrienne,Mulloy
hf0426-c070-881fb-51d356943,8639 Willow Ave.,Fairhope,AL,36532,Mathilde,Bertram
hf0426-c070-881fb-51d356943,5 Myrtle St.,Quakertown,PA,18951,Mathilde,Bertram
hf1107-h122-595gh-01a662969,9387 Redwood Rd.,Palm Coast,FL,32137,Esther,Siemers
hf2487-a097-819ca-22g256476,64 College Street,Prattville,AL,36067,Ashlie,Ploss
hf2487-a097-819ca-22g256476,7305 South Hanover Street,Stevens Point,WI,54481,Ashlie,Ploss
hf3123-e352-337cb-98d341751,225 Prospect St.,Stockbridge,GA,30281,Denver,Araujo
hf3123-e352-337cb-98d341751,46 Heritage St.,Baltimore,MD,21206,Denver,Araujo
hf3168-d497-786dc-08f360114,140 Depot St.,Monroe,NY,10950,Herbert,Nordstrom
hf3168-d497-786dc-08f360114,8277 Ryan Ave.,Coram,NY,11727,Herbert,Nordstrom
hf3599-d849-457he-38c025719,7416 Adams Drive,West Chicago,IL,60185,Carissa,Ashbaugh
hf4027-d276-313fe-78a921390,9238 South Central Street,Copperas Cove,TX,76522,Jamar,Damm
hf4153-f428-367ag-84g012615,87 Saxton St.,East Haven,CT,06512,Deonna,Hefner
hf4379-a802-283bh-18a785957,806 Leeton Ridge Dr.,Langhorne,PA,19047,Ashlee,Southers
hf5146-d290-008aa-10b141610,8689 Essex Drive,South Richmond Hill,NY,11419,Tawanda,Cearley
hf5146-d290-008aa-10b141610,7342 Schoolhouse Dr.,Hampton,VA,23666,Tawanda,Cearley
hf5341-c827-339gb-29a208035,4 Greenview St. Apt 487,Apex,NC,27502,Jean,Burts
hf5968-g569-615dh-86h185466,8584 Marshall St.,Washington,PA,15301,Elia,Beckley
hf7169-b912-522ea-11h008382,614 Oakland Street,Woodstock,GA,30188,Shaunte,Jerome
hf7169-b912-522ea-11h008382,8866 Jefferson Ave.,Hephzibah,GA,30815,Shaunte,Jerome
hf7263-h034-249ch-36f743138,86 Selby St.,Jacksonville,NC,28540,Elwanda,Lyvers
hf7263-h034-249ch-36f743138,91 Jockey Hollow St.,Johnston,RI,02919,Elwanda,Lyvers
hf7606-f323-308ef-13f136928,409 Heather Rd. Suite 4,Stoughton,MA,02072,Lisa,Slama
hf7669-d064-869bh-89h332591,241 Cross Ave.,Thomasville,NC,27360,Norbert,Dejesus
hf8609-h094-971ef-05a046941,8019 Fifth Lane,Oconomowoc,WI,53066,Terresa,Zych
hf8644-c652-304af-83d980567,772 W. Cemetery Lane,Abingdon,MD,21009,Eboni,Rabago
hf8644-c652-304af-83d980567,651 Gulf Drive,Olympia,WA,98512,Eboni,Rabago
hf8776-c855-218da-56f307424,7619 E. Trout Dr.,Hammonton,NJ,08037,Katheryn,Pascarelli
hf8980-f199-708ad-65h260552,9924 Wagon Street,Williamsport,PA,17701,Lynetta,Laino
hf8980-f199-708ad-65h260552,3 Bear Hill Dr.,Lansdowne,PA,19050,Lynetta,Laino
hf9005-f023-620ce-49h293764,608 Tarkiln Hill Rd.,Phillipsburg,NJ,08865,Letty,Rouse
hf9127-h666-612fc-39c612869,627 Linda Rd.,Taylors,SC,29687,Denisha,Hagstrom
hf9328-b296-814cc-64d606608,24 Peninsula Road,Hightstown,NJ,08520,Louetta,Stclaire
hf9328-b296-814cc-64d606608,599 Lake View Ave.,East Stroudsburg,PA,18301,Louetta,Stclaire
hf9329-d784-411bf-11f019500,8485 Cleveland Ave.,Troy,NY,12180,Shemika,Stiffler
hf9768-f428-362dh-75c429568,683 Jones St.,Lincoln Park,MI,48146,Ouida,Hettinger
hg0387-a155-755ae-93f162078,354 South Glen Creek Lane,Whitestone,NY,11357,Jess,Stotler
hg1462-f992-659bh-21f031113,7142 N. Hanover St.,Fredericksburg,VA,22405,Phil,Haight
hg1462-f992-659bh-21f031113,19 Harrison Dr.,Mableton,GA,30126,Phil,Haight
hg1462-f992-659bh-21f031113,8980 Glenlake Dr.,Greenfield,IN,46140,Phil,Haight
hg1462-f992-659bh-21f031113,7072 Golden Star St.,Mokena,IL,60448,Phil,Haight
hg2408-e472-786bb-12f834264,757 Race Street,Mahopac,NY,10541,Albina,Danker
hg2408-e472-786bb-12f834264,7191 Old Wood Ave.,Hudson,NH,03051,Albina,Danker
hg4543-b346-478dh-27a447584,712 Highland Rd.,Buffalo,NY,14215,Damian,Haggett
hg4543-b346-478dh-27a447584,367 East Longbranch Street,Milledgeville,GA,31061,Damian,Haggett
hg5716-f065-079dg-14a019544,7 W. Leeton Ridge Drive,Gallatin,TN,37066,Marilyn,Stilwell
hg6083-a586-997bh-62f401084,5 Peninsula Street,Shakopee,MN,55379,Calista,Carnley
hg6526-h606-462db-06b724179,7723 Bowman St.,Woonsocket,RI,02895,Alonso,Cuenca
hg8020-b978-891df-18h906560,274 W. Wilson Drive,Montgomery Village,MD,20886,Danna,Alewine
hg8020-b978-891df-18h906560,14 Prospect St.,Hartselle,AL,35640,Danna,Alewine
hg8443-d303-631hb-11c587581,52 Jockey Hollow Dr.,Newark,NJ,07103,Tamra,Nebel
hg9186-c613-110gc-29d410561,47 South Howard Drive,Easley,SC,29640,Emeline,Nee
hg9570-c853-936eb-01g541776,471 Leatherwood Street,Glendale Heights,IL,60139,Glennis,Scriber
hh0198-f264-951cf-91b486785,931 Glenridge Drive,Nanuet,NY,10954,Katina,Minnich
hh0198-f264-951cf-91b486785,61 Greenview Dr.,Capitol Heights,MD,20743,Katina,Minnich
hh0271-c482-323hc-79a301248,9592 Bowman Street,Griffin,GA,30223,Candy,Degarmo
hh0271-c482-323hc-79a301248,616 Devon Street,Oak Lawn,IL,60453,Candy,Degarmo
hh0630-d472-534bf-54a895198,91 South Stonybrook St.,Longview,TX,75604,Chadwick,Ruvolo
hh0630-d472-534bf-54a895198,344 Pineknoll St.,Dubuque,IA,52001,Chadwick,Ruvolo
hh0990-d406-204eb-20e995829,6 West Glenlake Drive,Fresno,CA,93706,Carolee,Lanham
hh0990-d406-204eb-20e995829,28 Broad Road,Opa Locka,FL,33054,Carolee,Lanham
hh0990-d406-204eb-20e995829,829 Nut Swamp Dr.,Henrico,VA,23228,Carolee,Lanham
hh1135-b980-680ee-26c508647,78 Manhattan Lane,Manitowoc,WI,54220,Nickie,Reichert
hh1716-b468-571ea-14g137339,814 Newport St.,Severn,MD,21144,Kayla,Cesare
hh2384-f445-706fg-81g297221,8908 South Henry Road,Madisonville,KY,42431,Sunday,Wardlaw
hh2465-g371-679cf-96b154272,300 Glenridge St.,Jacksonville,NC,28540,Jennette,Pickford
hh3175-d515-733fb-25h043788,116 Roberts St.,Nashville,TN,37205,Jacquetta,Landwehr
hh3175-d515-733fb-25h043788,58 Lafayette Ave.,Canyon Country,CA,91387,Jacquetta,Landwehr
hh3185-f362-175dc-25d432742,29 Meadowbrook Lane,Montclair,NJ,07042,Theron,Ronald
hh3185-f362-175dc-25d432742,149 Fulton St.,Kings Mountain,NC,28086,Theron,Ronald
hh3520-g018-099ae-06a147627,321 Arcadia Street,Saint Paul,MN,55104,Armanda,Crichton
hh4335-f800-510ge-72h159179,58 Van Dyke Dr.,Lake Jackson,TX,77566,Melinda,Cataldo
hh4335-f800-510ge-72h159179,7762 Ohio Street,Butte,MT,59701,Melinda,Cataldo
hh5613-a613-959bh-90f295606,8013 Gonzales St.,Trenton,NJ,08610,Shanda,Vanduyne
hh5987-d592-518hb-01g054694,8410 South Hudson St.,Kissimmee,FL,34741,Herta,Leep
hh6153-a974-873eb-93e669320,29 Tanglewood Ave.,New Berlin,WI,53151,Martina,Saum
hh6199-c874-457gf-95b404322,91 Edgefield Lane,Mechanicsburg,PA,17050,Ian,Scott
hh6401-h361-900gc-12b100485,474 6th Drive,Akron,OH,44312,Georgette,Lasalle
hh6401-h361-900gc-12b100485,8143 Winding Way St.,Osseo,MN,55311,Georgette,Lasalle
hh9825-c206-707ab-83d607527,8382 Sleepy Hollow Road,Gibsonia,PA,15044,Micha,Coney
hh9881-b878-001ha-91e319810,16 Border St.,Staten Island,NY,10301,Annalee,Bellows
hh9881-b878-001ha-91e319810,283 King Drive,Ambler,PA,19002,Annalee,Bellows
hh9881-b878-001ha-91e319810,436 Durham Ave.,Raeford,NC,28376,Annalee,Bellows
aa0707-c415-204db-72a457170,42 53rd Drive,Morristown,NJ,07960,Neva,Coby
aa0707-c415-204db-72a457170,7961 53rd Avenue,Elkhart,IN,46514,Neva,Coby
aa0707-c415-204db-72a457170,613 Arrowhead St.,Dracut,MA,01826,Neva,Coby
aa1883-c991-700hh-08e536486,7728 Hartford Street,Naples,FL,34116,Antoine,Traywick
aa5091-a129-698eh-55e341851,7722 Lafayette St.,Savannah,GA,31404,Josiah,Tilley
aa6343-d751-114ad-86a480648,8633 Riverview Court,Lutherville Timonium,MD,21093,Chanell,Dietrick
aa6343-d751-114ad-86a480648,7826 Joy Ridge Rd.,Hempstead,NY,11550,Chanell,Dietrick
aa6685-e007-589ff-59b205101,485 E. Mulberry Street,Belmont,MA,02478,Elmira,Thelen
aa6787-c449-699ha-62a540740,7516 North Miller Avenue,Newport News,VA,23601,Margurite,Sandler
aa8131-b958-444dd-58c913097,9004 Honey Creek Ave.,Michigan City,IN,46360,Donna,Nicosia
aa8255-g026-635ba-40e488972,8865 Fairway St.,Naples,FL,34116,Alonso,Cuenca
aa9362-b676-600gc-32a403345,85 Glenwood Dr.,Kenosha,WI,53140,Waldo,Sweitzer
ab1268-a790-128gb-61f245236,19 Golden Star Ave.,Lexington,NC,27292,Carry,Helt
ab4977-f277-125ge-06f784485,9041 Front Lane,Yakima,WA,98908,Devin,Sandage
ab5771-f718-131hh-02f856169,466 Amherst St.,Hanover,PA,17331,Ruben,Coburn
ab6576-a603-228ga-23e035490,774 Old York Ave.,Sacramento,CA,95820,Tomasa,Seeger
ab6576-a603-228ga-23e035490,9609 Hilltop Ave.,Brandon,FL,33510,Tomasa,Seeger
ab6576-a603-228ga-23e035490,642 Sugar Street,Norfolk,VA,23503,Tomasa,Seeger
ab7177-b036-700cg-84c482755,180 Mulberry Rd.,Natchez,MS,39120,Stuart,Failla
ab7177-b036-700cg-84c482755,960 Southampton Ave.,Wayne,NJ,07470,Stuart,Failla
ab7501-f483-808df-80c551761,479 Maiden Ave.,Santa Monica,CA,90403,Deangelo,Coffelt
ab7501-f483-808df-80c551761,9599 North Devonshire Rd.,Wadsworth,OH,44281,Deangelo,Coffelt
ab8803-b450-543ch-74a850600,8800 Constitution Rd.,Missoula,MT,59801,Kristel,Sluss
ab8803-b450-543ch-74a850600,25 Lafayette St.,Elk Grove Village,IL,60007,Kristel,Sluss
ab8803-b450-543ch-74a850600,7092 Stonybrook St.,Henderson,KY,42420,Kristel,Sluss
ac0033-e919-890he-10c019854,81 NW. San Carlos Ave.,Lady Lake,FL,32159,Alena,Espinosa
ac0033-e919-890he-10c019854,65 Glenwood Dr.,Middletown,CT,06457,Alena,Espinosa
ac0634-g998-195da-27d131309,9122 Bridge Rd.,Huntington,NY,11743,Charlsie,Learn
ac0634-g998-195da-27d131309,903 Linda Street,Waterbury,CT,06705,Charlsie,Learn
ac0634-g998-195da-27d131309,34 Briarwood Dr.,Easley,SC,29640,Charlsie,Learn
ac0798-e252-779fd-94e013158,266 West Bowman Lane,New Britain,CT,06051,Cecille,Vowell
ac5810-b332-287dg-17a183683,492 Fifth Circle,Columbia,MD,21044,Felica,Costanza
ac6567-e831-329ha-20c638874,14 Fairground Ave.,Middletown,CT,06457,Gaye,Farrar
ac6692-g003-168fa-86g027103,8304 Illinois Street,Rocky Mount,NC,27804,Catrina,Keel
ac6692-g003-168fa-86g027103,23 S. Sugar Dr.,Commack,NY,11725,Catrina,Keel
ac7669-a621-722ec-32g269169,9708 E. Monroe Drive,Williamsburg,VA,23185,Mikel,Gallucci
ac8027-a026-864gd-57g798794,8701 North Center Street,Merrillville,IN,46410,Sally,Gorney
ac8027-a026-864gd-57g798794,8020 Bridle Street,Johnson City,TN,37601,Sally,Gorney
ac8027-a026-864gd-57g798794,9076 Nichols Court,Fort Worth,TX,76110,Sally,Gorney
ac8066-c668-949ca-85a846715,8 Augusta Road,Bergenfield,NJ,07621,Tamela,Lowe
ac8066-c668-949ca-85a846715,8079 Jackson St.,Sidney,OH,45365,Tamela,Lowe
ac8234-f536-136gf-05b598524,7537 Amherst Drive,North Attleboro,MA,02760,Rachelle,Pernice
ac8234-f536-136gf-05b598524,894 Cambridge Dr.,Saint Charles,IL,60174,Rachelle,Pernice
ac8234-f536-136gf-05b598524,545 Bridge Street,Frederick,MD,21701,Rachelle,Pernice
ac9775-g193-975fh-58c367517,165 Pilgrim Street,Williamsport,PA,17701,Teressa,Gautreau
ac9775-g193-975fh-58c367517,201 Mayfair St.,Dothan,AL,36301,Teressa,Gautreau
ad0733-c185-236fb-69b302248,758 Lookout Street,Kenosha,WI,53140,Adrian,Malan
ad0985-b591-687ab-50h154343,9309 Ohio Drive,Roslindale,MA,02131,Le,Burda
ad2032-b013-676ff-89d764397,7552 Woodside Street,Chatsworth,GA,30705,Judith,Pelham
ad2373-g038-752ad-60d175888,940 Evergreen Dr.,Port Orange,FL,32127,Emerson,Prindle
ad2794-c079-308bb-20g639395,21 Maple Street,Holyoke,MA,01040,Helen,Wrona
ad3308-a407-195dh-84e203683,82 Gartner Dr.,Fresh Meadows,NY,11365,Lenore,Mayweather
ad4337-g198-814be-36d170964,17 Cypress Circle,Paramus,NJ,07652,Leandra,Zinke
ad5239-e093-566gc-92f143653,247 St Paul Ave.,Martinsville,VA,24112,Meredith,Lehrer
ad6627-e963-659ce-53h214942,80 East High Ridge St.,Medina,OH,44256,Bebe,Zachery
ad6627-e963-659ce-53h214942,410 Bald Hill Ave.,Bowling Green,KY,42101,Bebe,Zachery
ad8006-d394-293bg-27g420134,761 Del Monte St.,Richmond,VA,23223,Tawna,Oceguera
ad8006-d394-293bg-27g420134,9751 St Louis Rd.,Coram,NY,11727,Tawna,Oceguera
ae1607-b052-352ha-42e507172,66 East Belmont Street,Doylestown,PA,18901,Priscilla,Gobert
ae1738-d267-188ah-57a786675,637 E. Heritage Ave.,Hollis,NY,11423,Ngoc,Couturier
ae1964-c904-624bc-51c152692,333 School Ave.,Kernersville,NC,27284,Harrison,Conrad
ae3510-e353-463bg-32c742304,413 N. High Noon St.,San Lorenzo,CA,94580,Domingo,Galati
ae3510-e353-463bg-32c742304,7479 NW. Constitution Street,Meadville,PA,16335,Domingo,Galati
ae3510-e353-463bg-32c742304,845 Hall St.,Wyandotte,MI,48192,Domingo,Galati
ae4278-g702-700dg-00e602766,41 Jefferson Ave.,Londonderry,NH,03053,Helga,Mistretta
ae5543-b190-954ff-03f395116,950 Depot Road,Erlanger,KY,41018,Janina,Cantrelle
ae5543-b190-954ff-03f395116,7923 Ryan Ave.,South El Monte,CA,91733,Janina,Cantrelle
af0822-a709-173gc-83d682521,7712 Windsor St.,Delray Beach,FL,33445,Mariana,Leos
af1115-f792-397dc-09b726969,3 Armstrong Road,Palm Harbor,FL,34683,Maryanna,Branam
af1115-f792-397dc-09b726969,621 Third Lane,South Lyon,MI,48178,Maryanna,Branam
af2820-a114-965ah-76e905760,260 East Trout Drive,Westfield,MA,01085,Dick,Hoops
af3660-b250-060hc-75h209829,108 Roehampton St.,Yakima,WA,98908,Ingrid,Heras
af6371-d352-957df-56h996348,14 SE. Birchwood Rd.,Oswego,NY,13126,Pedro,Gullette
af6371-d352-957df-56h996348,72 Fulton Avenue,Oak Lawn,IL,60453,Pedro,Gullette
af6371-d352-957df-56h996348,8 Atlantic St.,Hope Mills,NC,28348,Pedro,Gullette
af7589-c153-812eb-87b636079,8101 Riverside Dr.,East Orange,NJ,07017,Parthenia,Weekly
af8124-e830-934dg-44c532279,65 Augusta Avenue,Canandaigua,NY,14424,Eryn,Veras
ag2102-g792-870dh-97g977140,7559 Greystone Drive,Marietta,GA,30008,Jasmine,Feld
ag2102-g792-870dh-97g977140,19 Woodside St.,Moncks Corner,SC,29461,Jasmine,Feld
ag3582-a322-216ed-45d585707,330 Mountainview Drive,Addison,IL,60101,Gordon,Bulow
ag7153-b072-784gg-84h198524,2 Golf St.,Wisconsin Rapids,WI,54494,Carolynn,Abdo
ag7153-b072-784gg-84h198524,7091 Sherwood St.,Warner Robins,GA,31088,Carolynn,Abdo
ah0483-g697-142ac-12h197269,7 E. San Carlos Dr.,Inman,SC,29349,Vergie,Rockhold
ah4018-a352-859ba-32e290751,8513 Brickell Road,Largo,FL,33771,Mollie,Durante
ah5067-f102-064dc-66f472971,676 E. Bridge Circle,Merrimack,NH,03054,Leanne,Allis
ah5067-f102-064dc-66f472971,50 Griffin Street,East Orange,NJ,07017,Leanne,Allis
ah8516-d727-611ec-43g486765,46 Sycamore Ave.,Fort Myers,FL,33905,Miranda,Hedden
ah8516-d727-611ec-43g486765,973 E. Glen Eagles Drive,Marcus Hook,PA,19061,Miranda,Hedden
ah9251-b000-825ag-80h197183,7206 Glenlake Rd.,Glen Cove,NY,11542,Clarissa,Cresswell
ah9251-b000-825ag-80h197183,7591 Beechwood Road,Key West,FL,33040,Clarissa,Cresswell
ah9644-b631-196cg-91g332339,7429 Colonial Rd.,Carpentersville,IL,60110,Saran,Tolliver
ah9649-h585-417ad-80g867317,22 Arch Avenue,Piscataway,NJ,08854,Viviana,Holifield
ah9649-h585-417ad-80g867317,7615 Brandywine Ave.,Pomona,CA,91768,Viviana,Holifield
ba2532-h986-138ga-97c351953,16 Rockcrest Road,Irwin,PA,15642,Shawnna,Duguay
ba6608-e630-167hf-23e300234,725 St Margarets Drive,Ithaca,NY,14850,Gus,Rodney
ba7337-b886-094hh-62d544616,74 Sierra Lane,Vineland,NJ,08360,Drucilla,Waltman
ba9194-g671-106ba-33b245788,370 Hilldale Rd.,Williamsburg,VA,23185,Jolene,Gravatt
ba9194-g671-106ba-33b245788,923 Wilson St.,Panama City,FL,32404,Jolene,Gravatt
bb3023-c248-086gg-81b016099,935 Princess St.,Coachella,CA,92236,Blake,Fortenberry
bb3760-d985-086ab-21a840968,60 Devonshire Street,Allentown,PA,18102,Katheryn,Pascarelli
bb4229-b575-807hd-86b353728,2 1st Dr.,Billings,MT,59101,Aurelia,Mirsky
bb4229-b575-807hd-86b353728,684 West Street,Palm Bay,FL,32907,Aurelia,Mirsky
bb7327-e981-666hh-35e053830,438 Boston Ave.,Severn,MD,21144,Megan,Johnosn
bb8112-h684-318gf-81h878059,784 Arch Ave.,Norwalk,CT,06851,Milan,Dietrich
bc3663-d815-816hg-81a039301,8526 Canterbury Ave.,Natchez,MS,39120,Calista,Corker
bc3663-d815-816hg-81a039301,307 Rockwell St.,Kearny,NJ,07032,Calista,Corker
bc3663-d815-816hg-81a039301,7298 E. Airport Ave.,Hernando,MS,38632,Calista,Corker
bc5362-b939-624bg-37g404520,638 Sunset Drive,Prior Lake,MN,55372,Harrison,Sigg
bc8486-e892-449ad-84f552821,95 Maiden St.,Wyoming,MI,49509,Cinderella,Grate
bd4094-e278-313cf-68e976454,8985 Nut Swamp Street,Webster,NY,14580,Ngoc,Aungst
bd8526-g906-229cc-69g268977,7046 Dogwood Circle,Battle Creek,MI,49015,Kena,Hilburn
bd8526-g906-229cc-69g268977,7790 Peg Shop Dr.,Freehold,NJ,07728,Kena,Hilburn
be2895-f073-995fh-48h375044,832 Old Arnold St.,Avon Lake,OH,44012,Bong,Lovelace
be2895-f073-995fh-48h375044,528 Marshall St.,Clinton Township,MI,48035,Bong,Lovelace
be2895-f073-995fh-48h375044,457 Clay Lane,Huntington,NY,11743,Bong,Lovelace
be2895-f073-995fh-48h375044,506 Vernon Lane,Orlando,FL,32806,Bong,Lovelace
be3628-h455-483bc-61h387601,749 Spruce Road,Stillwater,MN,55082,Taisha,Pridgen
be9966-f249-194dd-46a480833,55 Colonial Dr.,Bonita Springs,FL,34135,Jamaal,Gowin
bf2192-b300-452hb-02d191750,675 Mountainview Lane,Hope Mills,NC,28348,Camie,Bendel
bf6275-b699-418ch-93b931029,600 West Saxon Drive,Woonsocket,RI,02895,Elwood,Chivers
bf6275-b699-418ch-93b931029,7832 1st Ave.,Cranford,NJ,07016,Elwood,Chivers
bf7753-c815-189ab-10c331519,8412 West Circle,Saratoga Springs,NY,12866,Drew,Harber
bf9635-c025-383be-95c488429,265 Saxon Dr.,Springfield Gardens,NY,11413,Annis,Kullman
bf9635-c025-383be-95c488429,10 Alderwood Lane,Fairfax,VA,22030,Annis,Kullman
bf9635-c025-383be-95c488429,76 Hamilton Drive,Chippewa Falls,WI,54729,Annis,Kullman
bf9635-c025-383be-95c488429,2 Cross Drive,Winter Park,FL,32792,Annis,Kullman
bg6663-h783-771eh-71b587420,9818 West Leatherwood St.,Loveland,OH,45140,Waldo,Lisa
ca8130-d341-357he-43h928456,44 Franklin Ave.,Holland,MI,49423,Sheila,Dumond
ca8130-d341-357he-43h928456,9356 Olive St.,Pickerington,OH,43147,Sheila,Dumond
cb0763-b764-666ec-69c587777,58 Young Street,Newnan,GA,30263,Delana,Mclawhorn
cb0763-b764-666ec-69c587777,36 Smoky Hollow Ave.,Watertown,MA,02472,Delana,Mclawhorn
cb1404-e763-657eg-94c660287,7931 Oakland Street,Oakland Gardens,NY,11364,Herta,Leep
cg0878-b504-541gg-98a634912,108 East Lakewood Ave.,Auburn,NY,13021,Eugenio,Cranmer
cg0878-b504-541gg-98a634912,851 Brandywine Ave.,Mishawaka,IN,46544,Eugenio,Cranmer
eb6037-d284-236df-32d190090,813 Grant Ave.,Conyers,GA,30012,Candyce,Obannon
